,D1135,S1136,G1218,E1219,R1335,T1337,NAAA,NAAC,NAAG,NAAT,NACA,NACC,NACG,NACT,NAGA,NAGC,NAGG,NAGT,NATA,NATC,NATG,NATT,NCAA,NCAC,NCAG,NCAT,NCCA,NCCC,NCCG,NCCT,NCGA,NCGC,NCGG,NCGT,NCTA,NCTC,NCTG,NCTT,NGAA,NGAC,NGAG,NGAT,NGCA,NGCC,NGCG,NGCT,NGGA,NGGC,NGGG,NGGT,NGTA,NGTC,NGTG,NGTT,NTAA,NTAC,NTAG,NTAT,NTCA,NTCC,NTCG,NTCT,NTGA,NTGC,NTGG,NTGT,NTTA,NTTC,NTTG,NTTT,sorted_on
0,M,R,A,C,M,Q,-5.018074035644531,-4.928974469502767,-5.033432960510254,-5.059966564178467,-5.077151457468669,-5.086904207865397,-5.091445763905843,-5.057692209879558,-5.075411955515544,-5.085128625233968,-5.114943822224935,-5.127293427785237,-4.9995473225911455,-4.794321219126384,-4.836709181467692,-4.845099767049153,-5.058216412862142,-5.056368986765544,-5.052227814992269,-5.074297904968262,-5.051389694213867,-5.028717835744222,-5.024168650309245,-5.073768615722656,-5.026010354359944,-5.027555465698242,-5.035080591837565,-5.055882612864177,-5.03270689646403,-5.056700388590495,-5.064168771107991,-5.078000545501709,-3.7817322413126626,-3.57503342628479,-3.681738535563151,-3.1827851136525473,-4.215181668599446,-4.510797023773193,-4.548698743184407,-4.164810498555501,-4.752836545308431,-4.49359114964803,-4.6665388743082685,-4.429121176401774,-2.6319098472595215,-2.690378506978353,-2.7951670487721763,-2.4293251832326255,-5.06251589457194,-4.948659102121989,-5.044999281565349,-4.91156021753947,-5.054693539937337,-5.043683846791585,-5.041263262430827,-5.056384563446045,-5.071724732716878,-5.053957303365071,-5.078215599060059,-5.0694630940755205,-5.068192640940349,-5.046710014343262,-4.998570919036865,-5.0512081782023115,0.8260088166551647
1,M,R,A,C,M,V,-5.0290805498758955,-4.936504046122233,-5.031994024912517,-5.056068102518718,-5.086021423339844,-5.074351151784261,-5.069024085998535,-5.066549142201741,-5.093664328257243,-5.099130630493164,-5.1160275141398115,-5.144668896993001,-5.014439582824707,-4.801524639129639,-4.814058780670166,-4.870729764302571,-5.070115725199382,-5.053113142649333,-5.047779401143392,-5.075901508331299,-5.042685667673747,-5.042204697926839,-5.020007451375325,-5.082093397776286,-5.020366509755452,-5.022867361704509,-5.046066761016846,-5.052560488382976,-5.0379743576049805,-5.0647328694661455,-5.055311997731526,-5.084420363108317,-3.8521336714426675,-3.597283919652303,-3.652137517929077,-3.2613253593444824,-4.3645304044087725,-4.630358378092448,-4.571189880371094,-4.305033524831136,-4.719318548838298,-4.490199565887451,-4.595482190450032,-4.391724268595378,-2.716583808263143,-2.738421678543091,-2.7972115675608316,-2.5333025455474854,-5.071578661600749,-4.98076597849528,-5.037182490030925,-4.946460882822673,-5.065470218658447,-5.03972593943278,-5.044643719991048,-5.046964804331462,-5.064832369486491,-5.050774097442627,-5.100380102793376,-5.077786127726237,-5.0846333503723145,-5.047172864278157,-5.004441420237224,-5.054951032002767,0.8156394332023433
2,M,R,A,C,Y,Q,-5.002545197804769,-4.8976149559021,-5.018331209818522,-5.042805353800456,-5.021981398264567,-5.08177916208903,-5.096320152282715,-5.028833548227946,-5.053072929382324,-5.070361773173015,-5.104202429453532,-5.090052445729573,-5.003139813741048,-4.792400519053142,-4.875746250152588,-4.849501927693685,-5.032865524291992,-5.0298686027526855,-5.056205113728841,-5.040712992350261,-5.035379409790039,-5.018256664276123,-5.029434680938721,-5.045822938283284,-5.015739917755127,-5.020147800445557,-5.038614590962728,-5.047257264455159,-5.046329339345296,-5.033469994862874,-5.041114807128906,-5.059031168619792,-3.804177681605021,-3.4865095615386963,-3.867232879002889,-3.2922638257344565,-3.9488086700439453,-4.128050247828166,-4.465470155080159,-3.923349062601725,-4.750509421030681,-4.41042947769165,-4.757376829783122,-4.456435521443685,-2.7018486658732095,-2.621705691019694,-2.983259598414103,-2.464289426803589,-5.057117303212483,-4.929754575093587,-5.022232850392659,-4.892618815104167,-5.045256773630778,-5.035774230957031,-5.0434573491414385,-5.050713698069255,-5.071651299794515,-5.042478720347087,-5.059035301208496,-5.0484358469645185,-5.061565558115642,-5.0322615305582685,-4.989826043446858,-5.016288757324219,0.812572618629109
3,M,R,A,C,T,Q,-5.0165181159973145,-4.8576375643412275,-4.98435656229655,-5.019609451293945,-5.03871218363444,-5.065587520599365,-5.067190170288086,-5.049820105234782,-5.044279416402181,-5.024964014689128,-5.052598158518474,-5.092355569203694,-5.006455103556315,-4.734172503153483,-4.798261960347493,-4.868344306945801,-5.0356551806132,-5.034917036692302,-5.039124647776286,-5.054517110188802,-5.018198331197103,-5.004787762959798,-5.033127148946126,-5.03820276260376,-5.01088809967041,-5.027610778808594,-5.048122882843018,-5.046886761983235,-5.0400190353393555,-5.043318271636963,-5.037031491597493,-5.039152304331462,-3.312995672225952,-2.9206949869791665,-3.1554927825927734,-2.8082615534464517,-3.9204830328623452,-3.992085854212443,-4.18007771174113,-3.768986384073893,-4.143974304199219,-3.894784371058146,-4.074375152587891,-3.7523483435312905,-2.2957255045572915,-2.2392853101094565,-2.43627659479777,-2.1156047185262046,-5.042847474416097,-4.937653700510661,-5.023409843444824,-4.902656555175781,-5.028636773427327,-5.034341971079509,-5.041530927022298,-5.046552817026774,-5.0530211130778,-5.05084228515625,-5.061550776163737,-5.028255462646484,-5.08960755666097,-5.036046663920085,-4.985919157663981,-5.025973637898763,0.8060077613070885
4,M,R,A,C,M,K,-5.037723541259766,-4.903627077738444,-4.977027416229248,-5.042333285013835,-5.078139940897624,-5.081101417541504,-5.07426389058431,-5.073259035746257,-5.068017959594727,-5.060681502024333,-5.042332172393799,-5.116961638132731,-5.004632949829102,-4.768301328023274,-4.679012457529704,-4.897339661916097,-5.06328805287679,-5.064507484436035,-5.05499807993571,-5.062551339467366,-5.033060073852539,-5.032350222269694,-5.016416708628337,-5.077298482259114,-5.047782103220622,-5.04547119140625,-5.083323796590169,-5.027375857035319,-5.032979806264241,-5.064049243927002,-5.034022490183513,-5.082267602284749,-3.6956728299458823,-3.485095977783203,-3.0461530685424805,-2.9700490633646646,-4.40833314259847,-4.61073112487793,-4.219286282857259,-4.264184474945068,-4.284792264302571,-4.209634462992351,-3.847153345743815,-3.7924445470174155,-2.569672107696533,-2.714872121810913,-2.240046739578247,-2.3751211166381836,-5.077574253082275,-5.0196533203125,-5.029618422190349,-4.9901556968688965,-5.038219134012858,-5.050940195719401,-5.057552337646484,-5.047663529713948,-5.063883463541667,-5.050802707672119,-5.086115996042888,-5.052504062652588,-5.0568892161051435,-5.050932884216309,-5.011308670043945,-5.046489715576172,0.8042849901269696
5,M,R,A,C,M,N,-5.006468296051025,-4.9180145263671875,-5.020032246907552,-5.042947292327881,-5.060428460439046,-5.081518650054932,-5.089663028717041,-5.050726095835368,-5.057575066884358,-5.055195967356364,-5.092206160227458,-5.111817836761475,-4.994179566701253,-4.768235683441162,-4.8181257247924805,-4.855989297231038,-5.035817305246989,-5.044913609822591,-5.042299270629883,-5.053134600321452,-5.023637771606445,-5.016067981719971,-5.003864447275798,-5.0536932945251465,-5.011678536732991,-5.015552679697673,-5.014571030934651,-5.0234904289245605,-5.023448308308919,-5.033419926961263,-5.049476941426595,-5.057606061299642,-3.829599698384603,-3.6098520755767822,-3.7033055623372397,-3.259265581766764,-4.294775009155273,-4.524475892384847,-4.568504969278972,-4.206786155700684,-4.6952056884765625,-4.459247907002767,-4.613233884175618,-4.373900413513184,-2.728267033894857,-2.795780579249064,-2.88822611172994,-2.5521647930145264,-5.036402225494385,-4.945014635721843,-5.020935853322347,-4.911645571390788,-5.037539482116699,-5.029457251230876,-5.037399133046468,-5.039788564046224,-5.061498483022054,-5.046225547790527,-5.054763158162435,-5.054062048594157,-5.053381125132243,-5.02189826965332,-4.98798402150472,-5.009852409362793,0.7993660488243723
6,M,R,A,C,Q,L,-4.993764877319336,-4.87744935353597,-4.999978542327881,-5.034835338592529,-5.0056807200113935,-5.059881051381429,-5.047850767771403,-5.004835287729899,-5.066652297973633,-5.058185736338298,-5.091258525848389,-5.073904037475586,-4.999009768168132,-4.81159241994222,-4.828173001607259,-4.854216893513997,-5.0268449783325195,-5.020968914031982,-5.043154875437419,-5.018213431040446,-5.036118348439534,-5.00961430867513,-4.996383984883626,-5.027886708577474,-5.012385527292888,-5.004199981689453,-5.026976744333903,-5.028625011444092,-5.036696910858154,-5.0207193692525225,-5.033466498057048,-5.034305413564046,-3.8567214012145996,-3.508837620417277,-3.8712759812672934,-3.4707228342692056,-3.968329429626465,-3.97261635462443,-4.382569313049316,-3.9754961331685386,-4.748830477396647,-4.366152763366699,-4.625188827514648,-4.378600597381592,-2.7887093226114907,-2.7179489135742188,-2.9320066769917807,-2.5573280652364097,-5.023211638132731,-4.974086284637451,-4.989267508188884,-4.958354314168294,-5.039324601491292,-5.018914381663005,-5.022072474161784,-5.014952977498372,-5.04130204518636,-5.027744134267171,-5.054189840952556,-5.050881226857503,-5.05962610244751,-5.013791084289551,-4.967889467875163,-5.019423961639404,0.7988913017675725
7,M,R,A,C,M,R,-5.039342403411865,-4.8703335126241045,-4.866848627726237,-5.04315169652303,-5.0766754150390625,-5.031822204589844,-4.928865750630696,-5.078347682952881,-5.058816274007161,-5.043781598409017,-4.8829606374104815,-5.070253054300944,-4.998485724131267,-4.78455909093221,-4.3940629959106445,-4.88959805170695,-5.070061365763347,-5.046923637390137,-5.076401074727376,-5.070788065592448,-5.023932298024495,-5.0366997718811035,-5.0069559415181475,-5.087660948435466,-5.054820696512858,-5.04621950785319,-5.061780134836833,-5.045167605082194,-5.072516918182373,-5.048995176951091,-5.045215924580892,-5.070084095001221,-3.5055432319641113,-3.414916674296061,-2.3205184936523438,-2.8202075958251953,-4.287726879119873,-4.550725142161052,-3.5290474891662598,-4.159743150075276,-3.9043046633402505,-3.934898932774862,-3.2019666830698648,-3.4811344146728516,-2.5060176849365234,-2.725412050882975,-1.5809705257415771,-2.358426094055176,-5.080540815989177,-4.987086296081543,-5.040495872497559,-4.962079366048177,-5.0108418464660645,-5.042134761810303,-5.033945401509603,-5.0356394449869795,-5.06813907623291,-5.04380989074707,-5.023577531178792,-5.023372650146484,-5.066390673319499,-5.0663838386535645,-5.0118645032246905,-5.035374482472737,0.7960681233115229
8,M,R,A,C,M,G,-5.008103052775065,-4.926302909851074,-5.0113348960876465,-5.045930862426758,-5.066895961761475,-5.0816647211710615,-5.074478626251221,-5.051315943400065,-5.066809972127278,-5.062643210093181,-5.109542051951091,-5.110256671905518,-4.991066137949626,-4.803787549336751,-4.81372086207072,-4.855268796284993,-5.044249534606934,-5.038692156473796,-5.045129617055257,-5.058397134145101,-5.031033198038737,-5.022589524586995,-5.006285667419434,-5.060697237650554,-5.007894198099772,-5.023568312327067,-5.023348967234294,-5.0404767990112305,-5.019521236419678,-5.041540145874023,-5.046408971150716,-5.070744673411052,-3.8701332410176597,-3.635075251261393,-3.695842663447062,-3.27968700726827,-4.300832589467366,-4.522981484731038,-4.537227630615234,-4.22378396987915,-4.768217086791992,-4.533468564351399,-4.636671225229899,-4.432798703511556,-2.7897282441457114,-2.817713658014933,-2.8930513858795166,-2.581230084101359,-5.045364061991374,-4.967527866363525,-5.030391375223796,-4.9407633145650225,-5.045754750569661,-5.0342709223429365,-5.035657246907552,-5.048295180002849,-5.055793285369873,-5.044742107391357,-5.067468802134196,-5.061823844909668,-5.055479208628337,-5.034808158874512,-4.989445209503174,-5.039393901824951,0.7940527400643818
9,M,R,A,V,M,R,-5.040373802185059,-4.832216898600261,-4.887854894002278,-5.049408435821533,-5.076060771942139,-5.03531535466512,-4.957363605499268,-5.069423993428548,-5.055652300516765,-5.0252000490824384,-4.914562384287517,-5.070475260416667,-4.991380055745442,-4.786295731862386,-4.443388303120931,-4.914104302724202,-5.074533303578694,-5.062666734059651,-5.070658206939697,-5.057347297668457,-5.030428886413574,-5.039446036020915,-5.002523740132649,-5.084669907887776,-5.041320323944092,-5.050304094950358,-5.067389170328776,-5.027437210083008,-5.046463171641032,-5.044142882029216,-5.047112941741943,-5.086611270904541,-3.6582131385803223,-3.464170058568319,-2.560800870259603,-3.021790027618408,-4.501397132873535,-4.63818899790446,-3.8174842993418374,-4.387925148010254,-4.026385863622029,-3.9896486600240073,-3.339726368586222,-3.5854907035827637,-2.642885367075602,-2.810540517171224,-1.8034625848134358,-2.5341291427612305,-5.068435033162435,-5.0162099202473955,-5.022606372833252,-4.989282290140788,-5.020318508148193,-5.0403391520182295,-5.033697446187337,-5.044848759969075,-5.069088141123454,-5.034783840179443,-5.041817347208659,-5.020722548166911,-5.05786927541097,-5.055242538452148,-5.0056281089782715,-5.038245677947998,0.7917167832971659
